Faculty,Department
Faculty of Natural Sciences,Department of Biodiversity and Conservation Biology
Faculty of Natural Sciences,Department of Biotechnology
Faculty of Natural Sciences,Department of Chemistry
Faculty of Natural Sciences,Department of Computer Science
Faculty of Natural Sciences,Department of Earth Sciences
Faculty of Natural Sciences,Department of Mathematics and Applied Mathematics
Faculty of Natural Sciences,Department of Medical Biosciences
Faculty of Natural Sciences,Department of Physics and Astronomy
Faculty of Natural Sciences,Department of Statistics and Population Studies
